Person1,Person2,relationships
程心,罗辑,43106192
程心,曹彬,48896576
程心,A,27665168
程心,I,27665168
程心,布莱尔,1286752
程心,毕云峰,8363888
程心,智子,4503632
程心,弗雷斯,643376
程心,歌者,31525424
程心,威纳尔,643376
程心,丁仪,12224144
程心,杨冬,1286752
程心,萨伊,1930128
罗辑,程心,43106192
罗辑,曹彬,10367312
罗辑,A,5865716
罗辑,I,5865716
罗辑,布莱尔,272824
罗辑,毕云峰,1773356
罗辑,智子,954884
罗辑,弗雷斯,136412
罗辑,歌者,6684188
罗辑,威纳尔,136412
罗辑,丁仪,2591828
罗辑,杨冬,272824
罗辑,萨伊,409236
曹彬,程心,48896576
曹彬,罗辑,10367312
曹彬,A,6653648
曹彬,I,6653648
曹彬,布莱尔,309472
曹彬,毕云峰,2011568
曹彬,智子,1083152
曹彬,弗雷斯,154736
曹彬,歌者,7582064
曹彬,威纳尔,154736
曹彬,丁仪,2939984
曹彬,杨冬,309472
曹彬,萨伊,464208
A,程心,27665168
A,罗辑,5865716
A,曹彬,6653648
A,I,3764564
A,布莱尔,175096
A,毕云峰,1138124
A,智子,612836
A,弗雷斯,87548
A,歌者,4289852
A,威纳尔,87548
A,丁仪,1663412
A,杨冬,175096
A,萨伊,262644
I,程心,27665168
I,罗辑,5865716
I,曹彬,6653648
I,A,3764564
I,布莱尔,175096
I,毕云峰,1138124
I,智子,612836
I,弗雷斯,87548
I,歌者,4289852
I,威纳尔,87548
I,丁仪,1663412
I,杨冬,175096
I,萨伊,262644
布莱尔,程心,1286752
布莱尔,罗辑,272824
布莱尔,曹彬,309472
布莱尔,A,175096
布莱尔,I,175096
布莱尔,毕云峰,52936
布莱尔,智子,28504
布莱尔,弗雷斯,4072
布莱尔,歌者,199528
布莱尔,威纳尔,4072
布莱尔,丁仪,77368
布莱尔,杨冬,8144
布莱尔,萨伊,12216
毕云峰,程心,8363888
毕云峰,罗辑,1773356
毕云峰,曹彬,2011568
毕云峰,A,1138124
毕云峰,I,1138124
毕云峰,布莱尔,52936
毕云峰,智子,185276
毕云峰,弗雷斯,26468
毕云峰,歌者,1296932
毕云峰,威纳尔,26468
毕云峰,丁仪,502892
毕云峰,杨冬,52936
毕云峰,萨伊,79404
智子,程心,4503632
智子,罗辑,954884
智子,曹彬,1083152
智子,A,612836
智子,I,612836
智子,布莱尔,28504
智子,毕云峰,185276
智子,弗雷斯,14252
智子,歌者,698348
智子,威纳尔,14252
智子,丁仪,270788
智子,杨冬,28504
智子,萨伊,42756
弗雷斯,程心,643376
弗雷斯,罗辑,136412
弗雷斯,曹彬,154736
弗雷斯,A,87548
弗雷斯,I,87548
弗雷斯,布莱尔,4072
弗雷斯,毕云峰,26468
弗雷斯,智子,14252
弗雷斯,歌者,99764
弗雷斯,威纳尔,2036
弗雷斯,丁仪,38684
弗雷斯,杨冬,4072
弗雷斯,萨伊,6108
歌者,程心,31525424
歌者,罗辑,6684188
歌者,曹彬,7582064
歌者,A,4289852
歌者,I,4289852
歌者,布莱尔,199528
歌者,毕云峰,1296932
歌者,智子,698348
歌者,弗雷斯,99764
歌者,威纳尔,99764
歌者,丁仪,1895516
歌者,杨冬,199528
歌者,萨伊,299292
威纳尔,程心,643376
威纳尔,罗辑,136412
威纳尔,曹彬,154736
威纳尔,A,87548
威纳尔,I,87548
威纳尔,布莱尔,4072
威纳尔,毕云峰,26468
威纳尔,智子,14252
威纳尔,弗雷斯,2036
威纳尔,歌者,99764
威纳尔,丁仪,38684
威纳尔,杨冬,4072
威纳尔,萨伊,6108
丁仪,程心,12224144
丁仪,罗辑,2591828
丁仪,曹彬,2939984
丁仪,A,1663412
丁仪,I,1663412
丁仪,布莱尔,77368
丁仪,毕云峰,502892
丁仪,智子,270788
丁仪,弗雷斯,38684
丁仪,歌者,1895516
丁仪,威纳尔,38684
丁仪,杨冬,77368
丁仪,萨伊,116052
杨冬,程心,1286752
杨冬,罗辑,272824
杨冬,曹彬,309472
杨冬,A,175096
杨冬,I,175096
杨冬,布莱尔,8144
杨冬,毕云峰,52936
杨冬,智子,28504
杨冬,弗雷斯,4072
杨冬,歌者,199528
杨冬,威纳尔,4072
杨冬,丁仪,77368
杨冬,萨伊,12216
萨伊,程心,1930128
萨伊,罗辑,409236
萨伊,曹彬,464208
萨伊,A,262644
萨伊,I,262644
萨伊,布莱尔,12216
萨伊,毕云峰,79404
萨伊,智子,42756
萨伊,弗雷斯,6108
萨伊,歌者,299292
萨伊,威纳尔,6108
萨伊,丁仪,116052
萨伊,杨冬,12216
